0.02,0.0
0.04,0.0
0.06,2.1321605292235197e-06
0.08,3.7933163085415103e-06
0.1,5.227907595325192e-06
0.12000000000000001,6.058980645473503e-06
0.14,6.662620999715948e-06
0.16,6.9626167778597175e-06
0.18,7.233130315669043e-06
0.19999999999999998,7.197274038500201e-06
0.21999999999999997,7.071924021590386e-06
0.23999999999999996,6.896145335528593e-06
0.25999999999999995,6.659886929869272e-06
0.27999999999999997,6.290170102029656e-06
0.3,5.982107682070348e-06
0.32,5.5980485090986405e-06
0.34,5.338647566051357e-06
0.36000000000000004,4.9839184233329715e-06
0.38000000000000006,4.633247987767433e-06
0.4000000000000001,4.282971547649255e-06
0.4200000000000001,4.010856078250441e-06
0.4400000000000001,3.565749855856965e-06
0.46000000000000013,0.0
0.48000000000000015,8.327562824338913e-07
0.5000000000000001,1.0692946507692416e-06
0.5200000000000001,1.3152991140732394e-06
0.5400000000000001,1.4607393141590109e-06
0.5600000000000002,1.6596793263254245e-06
0.5800000000000002,1.6688422033047732e-06
0.6000000000000002,1.6424748177000886e-06
0.6200000000000002,1.684388734500013e-06
0.6400000000000002,1.5946024809443819e-06
0.6600000000000003,1.5672658479015688e-06
0.6800000000000003,1.4682711283521367e-06
0.7000000000000003,1.3412948358618492e-06
0.7200000000000003,1.2740172989917977e-06
0.7400000000000003,1.2515827281184413e-06
0.7600000000000003,1.20604930787778e-06
0.7800000000000004,1.1193752411074668e-06
0.8000000000000004,9.93064297838615e-07
0.8200000000000004,9.395148217423057e-07
0.8400000000000004,7.859010566526783e-07
0.8600000000000004,8.506350250307057e-07
0.8800000000000004,0.0
0.9000000000000005,2.0881481419028163e-07
0.9200000000000005,2.591727486080079e-07
0.9400000000000005,3.0681264082808797e-07
0.9600000000000005,3.415188309553987e-07
0.9800000000000005,3.7324954184488467e-07
1.0000000000000004,3.6105121461586556e-07
1.0200000000000005,3.7978874709920254e-07
1.0400000000000005,3.549616903279978e-07
1.0600000000000005,3.597248410059123e-07
1.0800000000000005,3.5570893482212393e-07
1.1000000000000005,3.146939178601141e-07
1.1200000000000006,3.0056948962769747e-07
1.1400000000000006,3.227127829478871e-07
1.1600000000000006,3.0145682802681477e-07
1.1800000000000006,0.0011224084537528442
1.2000000000000006,0.2987504560410375
1.2200000000000006,0.5714439758145528
1.2400000000000007,0.8199914382642077
1.2600000000000007,1.046343815067533
1.2800000000000007,1.2529302049357192
1.3000000000000007,1.4422203345773656
1.3200000000000007,1.6165867269231624
1.3400000000000007,1.7781747933294518
1.3600000000000008,1.9290643751536585
1.3800000000000008,2.070911293166652
1.4000000000000008,2.204931547715734
1.4200000000000008,2.3322181430974385
1.4400000000000008,2.4537427601206074
1.4600000000000009,2.570308892575945
1.4800000000000009,2.6826478264280387
1.5000000000000009,2.7913538233347848
1.520000000000001,2.896959928439601
1.540000000000001,2.999675897017389
1.560000000000001,3.1004092460121973
1.580000000000001,3.199408982865597
1.600000000000001,3.2966723738125454
1.620000000000001,3.392518575404824
1.640000000000001,3.48712598801723
1.660000000000001,3.5807008629128774
1.680000000000001,3.6734018037846
1.700000000000001,3.7653372454001865
1.720000000000001,3.8566355532334367
1.740000000000001,3.947449474112988
1.7600000000000011,4.037843294769875
1.7800000000000011,4.127880684507034
1.8000000000000012,4.21761540639608
1.8200000000000012,4.307127441604501
1.8400000000000012,4.396415581633903
1.8600000000000012,4.485603130035529
1.8800000000000012,4.5746789385809405
1.9000000000000012,4.663677374712361
1.9200000000000013,4.75260858012662
1.9400000000000013,4.841476586248921
1.9600000000000013,4.93024760675383
1.9800000000000013,5.018929246090112
2.0000000000000013,5.107557039861075
2.0200000000000014,5.196026278715832
2.0400000000000014,5.28435418097734
2.0600000000000014,5.372530771930239
2.0800000000000014,5.460482563448692
2.1000000000000014,5.5483701057789725
2.1200000000000014,5.635994040381071
2.1400000000000015,5.7235507554850376
2.1600000000000015,5.810937698736127
2.1800000000000015,5.898145592845783
2.2000000000000015,5.985144680395434
2.2200000000000015,6.071983849044779
2.2400000000000015,6.158643576545307
2.2600000000000016,6.24508788727246
2.2800000000000016,6.3313396792323315
2.3000000000000016,6.417437046508114
2.3200000000000016,6.503326192189418
2.3400000000000016,6.589041598393981
2.3600000000000017,6.674536495519561
2.3800000000000017,6.759867350261683
2.4000000000000017,6.844972744274943
2.4200000000000017,6.929907777315965
2.4400000000000017,7.014583900676306
2.4600000000000017,7.099132543843929
2.4800000000000018,7.183472664002637
2.5000000000000018,7.267616401194899
2.520000000000002,7.351504747394389
2.540000000000002,7.435281953644526
2.560000000000002,7.518827415197587
2.580000000000002,7.602105263738255
2.600000000000002,7.6853031739853535
2.620000000000002,7.7682297446760336
2.640000000000002,7.850960890447198
2.660000000000002,7.933556367603429
2.680000000000002,8.015965484856798
2.700000000000002,8.09818075979636
2.720000000000002,8.18010257230313
2.740000000000002,8.261937539509933
2.760000000000002,8.343565357143648
2.780000000000002,8.424994137600272
2.800000000000002,8.506210611851037
2.820000000000002,8.587143240932978
2.840000000000002,8.668013135817938
2.860000000000002,8.748601110975423
2.880000000000002,8.829071657669443
2.900000000000002,8.909338963704261
2.920000000000002,8.98942813852545
2.940000000000002,9.069326791080174
2.960000000000002,9.148998392746483
2.980000000000002,9.228486380013097
3.000000000000002,9.307785653830074
3.0200000000000022,9.386922453438151
3.0400000000000023,9.465822791281454
3.0600000000000023,9.5445698059742
3.0800000000000023,9.62302764972093
3.1000000000000023,9.70128442939565
3.1200000000000023,9.779504368617848
3.1400000000000023,9.857499111362428
3.1600000000000024,9.935290466146059
3.1800000000000024,10.012901289155327
3.2000000000000024,10.090353099680438
3.2200000000000024,10.167613657573925
3.2400000000000024,10.244683540305298
3.2600000000000025,10.321487422444115
3.2800000000000025,10.398077392375933
3.3000000000000025,10.474511891524058
3.3200000000000025,10.550864518500466
3.3400000000000025,10.626961772032706
3.3600000000000025,10.702939144908008
3.3800000000000026,10.77874074136668
3.4000000000000026,10.8543569895919
3.4200000000000026,10.92978459563948
3.4400000000000026,11.005004306395424
3.4600000000000026,11.079943967806381
3.4800000000000026,11.154817794340808
3.5000000000000027,11.229446838183314
3.5200000000000027,11.303982751444316
3.5400000000000027,11.378331852718151
3.5600000000000027,11.45246153136773
3.5800000000000027,11.526435223109646
3.6000000000000028,11.600247355154819
3.6200000000000028,11.673878793214117
3.640000000000003,11.747330977729616
3.660000000000003,11.820541189821
3.680000000000003,11.89364361684072
3.700000000000003,11.966551112533518
3.720000000000003,12.039273623358566
3.740000000000003,12.111840999797161
3.760000000000003,12.184214164938048
3.780000000000003,12.256368152372383
3.800000000000003,12.328419954231874
3.820000000000003,12.400298201635255
3.840000000000003,12.471997758098945
3.860000000000003,12.543521390586852
3.880000000000003,12.614827630477773
3.900000000000003,12.685997730338965
3.920000000000003,12.756808180192085
3.940000000000003,12.827251849620446
3.960000000000003,12.897974571206573
3.980000000000003,12.968228210380868
4.000000000000003,13.038395519456701
4.020000000000002,13.108604346622279
4.040000000000002,13.17849694423665
4.060000000000001,13.248274015991726
4.080000000000001,13.317946494911011
4.1000000000000005,13.387306627727247
4.12,13.456599731350371
4.14,13.525747815831304
4.159999999999999,13.594585800059592
4.179999999999999,13.663432277930886
4.199999999999998,13.73210356248421
4.219999999999998,13.800601431950497
4.2399999999999975,13.868864205719749
4.259999999999997,13.936989819497265
4.279999999999997,14.004998819385131
4.299999999999996,14.072652883557268
4.319999999999996,14.140325308420948
4.339999999999995,14.20782687092583
4.359999999999995,14.275166597049061
4.379999999999995,14.34235548752011
4.399999999999994,14.409257343327145
4.419999999999994,14.476094735257904
4.439999999999993,14.542793918114883
4.459999999999993,14.609315708439896
4.479999999999992,14.67540916517207
4.499999999999992,14.741591086840806
4.519999999999992,14.807640097348052
4.539999999999991,14.87353571300062
4.559999999999991,14.939270134419885
4.57999999999999,15.00469929253269
4.59999999999999,15.070125710242673
4.6199999999999894,15.135367603597476
4.639999999999989,15.200345709018693
4.659999999999989,15.265242697930775
4.679999999999988,15.329970711849072
4.699999999999988,15.394547746873616
4.719999999999987,15.458928871799028
4.739999999999987,15.523217962266223
4.7599999999999865,15.58718261159458
4.779999999999986,15.651199143128945
4.799999999999986,15.715054234188402
4.819999999999985,15.778744062129816
4.839999999999985,15.842256991356845
4.859999999999984,15.905641113180652
4.879999999999984,15.968850054458848
4.8999999999999835,16.031915056530355
4.919999999999983,16.094831314715197
4.939999999999983,16.157515701550192
4.959999999999982,16.219764452369812
4.979999999999982,16.282248207288188
4.999999999999981,16.3444035039454
5.019999999999981,16.406540466508016
5.0399999999999805,16.468569167356186
5.05999999999998,16.530361304875175
5.07999999999998,16.592041450257177
5.099999999999979,16.653346823281858
5.119999999999979,16.714660557054223
5.139999999999978,16.77561365602352
5.159999999999978,16.83670655336699
5.1799999999999775,16.89770365148659
5.199999999999977,16.95848657531127
5.219999999999977,17.019150562987672
5.239999999999976,17.079680973356584
5.259999999999976,17.13994762395834
5.279999999999975,17.2001527898158
5.299999999999975,17.26025333906488
5.3199999999999745,17.32018467998073
5.339999999999974,17.379974020434858
5.359999999999974,17.43959454874668
5.379999999999973,17.499068839175223
5.399999999999973,17.558255998426013
5.419999999999972,17.617481288826614
5.439999999999972,17.676559126329835
5.4599999999999715,17.735486172401853
5.479999999999971,17.79428974058574
5.499999999999971,17.852933328346378
5.51999999999997,17.91128647608555
5.53999999999997,17.969599716297928
5.559999999999969,18.027910533920426
5.579999999999969,18.086066350367247
5.599999999999969,18.144106864477237
5.619999999999968,18.201958623131073
5.639999999999968,18.259739910013973
5.659999999999967,18.317442223668905
5.679999999999967,18.375044390531247
5.699999999999966,18.432536008531436
5.719999999999966,18.48993596885487
5.739999999999966,18.547205584866422
5.759999999999965,18.60359961318234
5.779999999999965,18.660655698061152
5.799999999999964,18.71761424201101
5.819999999999964,18.774560735538643
5.839999999999963,18.831237129488894
5.859999999999963,18.887916264436246
5.879999999999963,18.943870213012204
5.899999999999962,18.999248367451457
5.919999999999962,19.05563773936493
5.939999999999961,19.110663988133215
5.959999999999961,19.166236566201885
5.9799999999999605,19.221374736527217
5.99999999999996,19.274619169577715
6.01999999999996,19.329325785795636
6.039999999999959,19.38309914230933
6.059999999999959,19.43620077485277
6.079999999999958,19.48962981902844
6.099999999999958,19.542355322182402
6.1199999999999575,19.596357670922405
6.139999999999957,19.649577856852783
6.159999999999957,19.70184547292493
6.179999999999956,19.75240444413027
6.199999999999956,19.802405435304998
6.219999999999955,19.850210926853343
6.239999999999955,19.90043497569508
6.2599999999999545,19.94724890196899
6.279999999999954,19.996893236523558
6.299999999999954,20.04603227654704
6.319999999999953,20.096679333938063
6.339999999999953,20.14626264490497
6.359999999999952,20.196839361026765
6.379999999999952,20.243156610963602
6.3999999999999515,20.28290523051661
6.419999999999951,20.318512034636775
6.439999999999951,20.355954747143077
6.45999999999995,20.38946198414799
6.47999999999995,20.417406285169633
6.499999999999949,20.441178364595036
6.519999999999949,20.461051902318367
6.5399999999999485,20.47493525033935
6.559999999999948,20.482428010546254
6.579999999999948,20.48486581121421
6.599999999999947,20.48153920745418
6.619999999999947,20.473255376611206
6.639999999999946,20.4602047802709
6.659999999999946,20.441953729263055
6.6799999999999455,20.421947451306742
6.699999999999945,20.39385287264229
6.719999999999945,20.36401167973324
6.739999999999944,20.32875300573751
6.759999999999944,20.299027981785713
6.779999999999943,20.262811084759733
6.799999999999943,20.221986983180834
6.8199999999999426,20.180871449219797
6.839999999999942,20.13910954514223
6.859999999999942,20.109825141720073
6.879999999999941,20.06554493979509
6.899999999999941,20.02562463531685
6.91999999999994,19.987485743187047
6.93999999999994,19.959555282378407
6.95999999999994,19.929188399863587
6.979999999999939,19.90033591751746
6.999999999999939,19.874856765702365
7.019999999999938,19.855306089918454
7.039999999999938,19.8390196163658
7.059999999999937,19.82266720771559
7.079999999999937,19.808474838993984
7.099999999999937,19.800572222793246
7.119999999999936,19.794959784101728
7.139999999999936,19.791503972582998
7.159999999999935,19.790939983226515
7.179999999999935,19.788876838400935
7.1999999999999345,19.79057789610507
7.219999999999934,19.79460958639191
7.239999999999934,19.801218118082932
7.259999999999933,19.808049829179268
7.279999999999933,19.81985184427317
7.299999999999932,19.829806070169457
7.319999999999932,19.843227713921966
7.3399999999999315,19.85855658765415
7.359999999999931,19.877201110998165
7.379999999999931,19.895899787817356
7.39999999999993,19.913402990138966
7.41999999999993,19.93165777286774
7.439999999999929,19.95429951956981
7.459999999999929,19.975041192017304
7.4799999999999285,19.996308936474673
7.499999999999928,20.021853922628562
7.519999999999928,20.04365815948759
7.539999999999927,20.06429003472898
7.559999999999927,20.08900286789304
7.579999999999926,20.11081868803427
7.599999999999926,20.127417112861043
7.6199999999999255,20.149993856474765
7.639999999999925,20.171705066628792
7.659999999999925,20.18473753228611
7.679999999999924,20.203185470576916
7.699999999999924,20.219813789787754
7.719999999999923,20.230135791425955
7.739999999999923,20.240430953072575
7.7599999999999225,20.247149092518928
7.779999999999922,20.254118926165493
7.799999999999922,20.255141892913485
7.819999999999921,20.2549248821679
7.839999999999921,20.25038173877909
7.85999999999992,20.245209465333005
7.87999999999992,20.235912095221572
7.8999999999999195,20.224789151161556
7.919999999999919,20.212075333517046
7.939999999999919,20.198528060764342
7.959999999999918,20.181867144372283
7.979999999999918,20.16508079462745
7.999999999999917,20.144743973811096
8.019999999999918,20.125982294608363
8.039999999999917,20.105039155921414
8.059999999999917,20.0881686731486
8.079999999999917,20.069628508049455
8.099999999999916,20.0488054154542
8.119999999999916,20.030267723146697
8.139999999999915,20.01318405000007
8.159999999999915,19.997822849751348
8.179999999999914,19.979432949175145
8.199999999999914,19.966312394003815
8.219999999999914,19.95252450766888
8.239999999999913,19.940289108664228
8.259999999999913,19.931195603241676
8.279999999999912,19.922955385239025
8.299999999999912,19.91509739413322
8.319999999999911,19.90995356165714
8.339999999999911,19.903801169191226
8.35999999999991,19.901969819883547
8.37999999999991,19.901017808565463
8.39999999999991,19.904093582272637
8.41999999999991,19.9053405336482
8.439999999999909,19.912078655399895
8.459999999999908,19.919412677709285
8.479999999999908,19.930730664936355
8.499999999999908,19.928763099202573
8.519999999999907,19.940464929716153
8.539999999999907,19.956137034369657
8.559999999999906,19.968710877130768
8.579999999999906,19.982383658475854
8.599999999999905,19.995452854185228
8.619999999999905,20.00602374723064
8.639999999999905,20.020536183320214
8.659999999999904,20.033718278922514
8.679999999999904,20.047981677162394
8.699999999999903,20.06124091380281
8.719999999999903,20.072152438176808
8.739999999999903,20.07692399403605
8.759999999999902,20.090686416305264
8.779999999999902,20.10352149119655
8.799999999999901,20.115116549672646
8.8199999999999,20.12557165674799
8.8399999999999,20.129479832604314
8.8599999999999,20.134388767120488
8.8799999999999,20.140302698170913
8.899999999999899,20.146405355962735
8.919999999999899,20.15002541619655
8.939999999999898,20.150482468581203
8.959999999999898,20.143332938365383
8.979999999999897,20.139310959464975
8.999999999999897,20.135080887727995
9.019999999999897,20.12962111216652
9.039999999999896,20.12366044652894
9.059999999999896,20.11484633360522
9.079999999999895,20.106310980327095
9.099999999999895,20.09577103999643
9.119999999999894,20.087417227171834
9.139999999999894,20.07652442745742
9.159999999999894,20.066172972919514
9.179999999999893,20.054750888072338
9.199999999999893,20.044211176785765
9.219999999999892,20.03329457543952
9.239999999999892,20.0218617573412
9.259999999999891,20.008676727497857
9.279999999999891,19.99464777417371
9.29999999999989,19.980292377160648
9.31999999999989,19.966241778229726
9.33999999999989,19.950998644282787
9.35999999999989,19.9364023671916
9.379999999999889,19.922884215691425
9.399999999999888,19.9108525970809
9.419999999999888,19.900128075422494
9.439999999999888,19.888779175208537
9.459999999999887,19.880048284612794
9.479999999999887,19.882685555484485
9.499999999999886,19.8831062384048
9.519999999999886,19.876744237463985
9.539999999999885,19.88404675723531
9.559999999999885,19.890958838064595
9.579999999999885,19.900510448465024
9.599999999999884,19.914000251455494
9.619999999999884,19.922562786160796
9.639999999999883,19.92855897403663
9.659999999999883,19.92608953917072
9.679999999999882,19.913169988474557
9.699999999999882,19.90555526165202
9.719999999999882,19.89890003028135
9.739999999999881,19.882323473332036
9.75999999999988,19.878720811848112
9.77999999999988,19.86372804874054
9.79999999999988,19.86328274403022
9.81999999999988,19.854828838369098
9.839999999999879,19.84250082131992
9.859999999999879,19.831961269763255
9.879999999999878,19.818428284780744
9.899999999999878,19.824817972932834
9.919999999999877,19.816918032379586
9.939999999999877,19.83342853017655
9.959999999999877,19.836371833339015
9.979999999999876,19.851226090376848
9.999999999999876,19.85632010403055
10.019999999999875,19.859464043156724
10.039999999999875,19.87177930343151
10.059999999999874,19.88491968659212
10.079999999999874,19.903405401898215
10.099999999999874,19.90885641549443
10.119999999999873,19.923641586857215
10.139999999999873,19.946650205826923
10.159999999999872,19.97045996684234
10.179999999999872,19.99549751170371
10.199999999999871,20.02573343876294
10.219999999999871,20.050762080981233
10.23999999999987,20.07378898276656
10.25999999999987,20.101895268665473
10.27999999999987,20.12887567746485
10.29999999999987,20.153115956954508
10.319999999999869,20.177616273698728
10.339999999999868,20.199563425422948
10.359999999999868,20.214198143430444
10.379999999999868,20.233850258499537
10.399999999999867,20.244746259432254
10.419999999999867,20.25894382207845
10.439999999999866,20.269448811818883
10.459999999999866,20.27588207651645
10.479999999999865,20.272738865931228
10.499999999999865,20.269366000478577
10.519999999999865,20.26181839397544
10.539999999999864,20.249043991897313
10.559999999999864,20.234409333108637
10.579999999999863,20.21634794431404
10.599999999999863,20.19587996922738
10.619999999999862,20.172908583126418
10.639999999999862,20.146110335015564
10.659999999999862,20.11795396572155
10.679999999999861,20.090910002191684
10.69999999999986,20.062584572587774
10.71999999999986,20.034983909452833
10.73999999999986,20.007471032784114
10.75999999999986,19.98136201382693
10.779999999999859,19.956215164752777
10.799999999999859,19.932353514557693
10.819999999999858,19.910620871599814
10.839999999999858,19.89139548472956
10.859999999999857,19.87445465782431
10.879999999999857,19.859476271505997
10.899999999999856,19.848024799407725
10.919999999999856,19.83753578677613
10.939999999999856,19.831125193196456
10.959999999999855,19.828108582608184
10.979999999999855,19.826635016437674
10.999999999999854,19.829175717884233
11.019999999999854,19.834579188553292
11.039999999999853,19.841768525639218
11.059999999999853,19.851206478717835
11.079999999999853,19.862117582579497
11.099999999999852,19.87535063288796
11.119999999999852,19.890327765214735
11.139999999999851,19.906397975162783
11.159999999999851,19.923255211609632
11.17999999999985,19.939408630365566
11.19999999999985,19.957270578097436
11.21999999999985,19.973151757828287
11.23999999999985,19.99129072885547
11.259999999999849,20.008503072500712
11.279999999999848,20.024154641363165
11.299999999999848,20.04036362093164
11.319999999999848,20.05505495372103
11.339999999999847,20.068467111419324
11.359999999999847,20.080446304071003
11.379999999999846,20.08962002577216
11.399999999999846,20.096779459792927
11.419999999999845,20.104733805338583
11.439999999999845,20.1102399664259
11.459999999999845,20.11432558139063
11.479999999999844,20.116534314177823
11.499999999999844,20.11672796781892
11.519999999999843,20.1151389833662
11.539999999999843,20.111053135246955
11.559999999999842,20.106007736536082
11.579999999999842,20.098659301165323
11.599999999999842,20.090819368216327
11.619999999999841,20.081790574498516
11.63999999999984,20.071954276598877
11.65999999999984,20.06080429215284
11.67999999999984,20.04952655467921
11.69999999999984,20.037821298524612
11.719999999999839,20.02596952094694
11.739999999999839,20.014044771503944
11.759999999999838,20.002339657900297
11.779999999999838,19.99092989537321
11.799999999999837,19.98020142728273
11.819999999999837,19.96981337661725
11.839999999999836,19.959795866777608
11.859999999999836,19.95138498018219
11.879999999999836,19.944107230035506
11.899999999999835,19.93645925088698
11.919999999999835,19.931515487346324
11.939999999999834,19.924993536973375
11.959999999999834,19.92042715311293
11.979999999999833,19.91945218773497
11.999999999999833,19.917853784539467
12.019999999999833,19.919243190777784
12.039999999999832,19.917604733221676
12.059999999999832,19.920109437499956
12.079999999999831,19.92282135035643
12.099999999999831,19.925505251727998
12.11999999999983,19.92806173693411
12.13999999999983,19.934439447743358
12.15999999999983,19.940625275196393
12.17999999999983,19.947462417372506
12.199999999999829,19.94973299739904
12.219999999999828,19.949585743229264
12.239999999999828,19.956525534569323
12.259999999999827,19.956751654133473
12.279999999999827,19.968032839489847
12.299999999999827,19.974616891810143
12.319999999999826,19.97968294877212
12.339999999999826,19.981432018951917
12.359999999999825,19.98511318174044
12.379999999999825,19.988710961660416
12.399999999999824,19.997421792712217
12.419999999999824,20.00666028998306
12.439999999999824,20.013574945917718
12.459999999999823,20.01957232995313
12.479999999999823,20.026982535528443
12.499999999999822,20.033550302887505
12.519999999999822,20.03806308260493
12.539999999999822,20.043359421695218
12.559999999999821,20.048118031037244
12.57999999999982,20.046601424600624
12.59999999999982,20.044930455720035
12.61999999999982,20.043014215107075
12.63999999999982,20.044241592169662
12.659999999999819,20.03900434178961
12.679999999999819,20.029443600432185
12.699999999999818,20.018178232926058
12.719999999999818,20.005805830734115
12.739999999999817,19.98850396286295
12.759999999999817,19.974155490150608
12.779999999999816,19.96268445698763
12.799999999999816,19.9528426024814
12.819999999999816,19.93711764496858
12.839999999999815,19.9249915633426
12.859999999999815,19.913557157074255
12.879999999999814,19.900683152308403
12.899999999999814,19.893261058646566
12.919999999999813,19.88668040010974
12.939999999999813,19.882811349494627
12.959999999999813,19.884331396483386
12.979999999999812,19.88625252684269
12.999999999999812,19.889643132030063
13.019999999999811,19.886699353074693
13.03999999999981,19.894449943402538
13.05999999999981,19.89763518468887
13.07999999999981,19.9062485326629
13.09999999999981,19.91640136959801
13.11999999999981,19.931689606472382
13.139999999999809,19.94021178290893
13.159999999999808,19.95241393341269
13.179999999999808,19.96155925273213
13.199999999999807,19.966913805292645
13.219999999999807,19.98532497380439
13.239999999999807,20.002897590300186
13.259999999999806,20.020572004589635
13.279999999999806,20.034586826156758
13.299999999999805,20.044835883156278
13.319999999999805,20.059284539722015
13.339999999999804,20.072763483061284
13.359999999999804,20.082926860099857
13.379999999999804,20.09372073025681
13.399999999999803,20.102631329291174
13.419999999999803,20.110773274650732
13.439999999999802,20.115316709815783
13.459999999999802,20.12122681262279
13.479999999999801,20.12423437812949
13.499999999999801,20.127040887453564
13.5199999999998,20.12853180747966
13.5399999999998,20.127807897413465
13.5599999999998,20.12581673877736
13.5799999999998,20.118948803660555
13.599999999999799,20.11366617173144
13.619999999999798,20.10710370484407
13.639999999999798,20.09808971265468
13.659999999999798,20.08710131950727
13.679999999999797,20.07702308830502
13.699999999999797,20.06237060337689
13.719999999999796,20.048431003534823
13.739999999999796,20.03627762804766
13.759999999999796,20.0247234989695
13.779999999999795,20.013517228464597
13.799999999999795,20.002619940063543
13.819999999999794,19.992067948541422
13.839999999999794,19.980729023183613
13.859999999999793,19.971366696498063
13.879999999999793,19.96316132913576
13.899999999999793,19.954461366159784
13.919999999999792,19.947026079116213
13.939999999999792,19.941600763548454
13.959999999999791,19.935103911931613
13.97999999999979,19.932655638134566
13.99999999999979,19.930814709196458
14.01999999999979,19.930244304413165
14.03999999999979,19.931009785543726
14.059999999999789,19.933448416857065
14.079999999999789,19.936961214476977
14.099999999999788,19.939942221771584
14.119999999999788,19.944582096598882
14.139999999999787,19.95005367755555
14.159999999999787,19.9569389565209
14.179999999999787,19.96207703159013
14.199999999999786,19.96982596815225
14.219999999999786,19.978804380476916
14.239999999999785,19.98712394657938
14.259999999999785,19.982311487674487
14.279999999999784,19.973798700639485
14.299999999999784,19.951653693150973
14.319999999999784,19.912911918605136
14.339999999999783,19.85906140751151
14.359999999999783,19.80231209897338
14.379999999999782,19.74263043350314
14.399999999999782,19.670433661247053
14.419999999999781,19.586665425608437
14.439999999999781,19.49282802920036
14.45999999999978,19.400244043407646
14.47999999999978,19.30999015448557
14.49999999999978,19.225274987119537
14.51999999999978,19.1397998093143
14.539999999999779,19.059894074922457
14.559999999999778,18.982949467884108
14.579999999999778,18.91248814548235
14.599999999999778,18.84866662876299
14.619999999999777,18.791637687707432
14.639999999999777,18.741872195516635
14.659999999999776,18.69845811116334
14.679999999999776,18.657381807166704
14.699999999999775,18.626336376812446
14.719999999999775,18.599012027873584
14.739999999999775,18.577820959881677
14.759999999999774,18.54852838724605
14.779999999999774,18.516761034318588
14.799999999999773,18.47549417790378
14.819999999999773,18.42151585877251
14.839999999999772,18.35070516592092
14.859999999999772,18.26620150000894
14.879999999999772,18.16648665810776
14.899999999999771,18.053685596638896
14.91999999999977,17.93015670185008
14.93999999999977,17.79904231451387
14.95999999999977,17.660701335344235
14.97999999999977,17.51516118581217
14.999999999999769,17.363652359449972
15.019999999999769,17.206777388572572
15.039999999999768,17.045135956619404
15.059999999999768,16.878427004754034
15.079999999999767,16.708110824915153
15.099999999999767,16.534363347925154
15.119999999999767,16.3571827298763
15.139999999999766,16.17682304391397
15.159999999999766,15.993152349579642
15.179999999999765,15.807386844591377
15.199999999999765,15.618931746578118
15.219999999999764,15.480547062114587
15.239999999999764,15.319560631350296
15.259999999999764,15.106454692652031
15.279999999999763,14.89901872409897
15.299999999999763,14.701676791336984
15.319999999999762,14.512172744208469
15.339999999999762,14.361102602973068
15.359999999999761,14.24638998764492
15.379999999999761,14.093308339468694
15.39999999999976,13.961653642907615
15.41999999999976,13.832882523063287
15.43999999999976,13.70648867975776
15.45999999999976,13.583941474489798
15.479999999999759,13.466353488481898
15.499999999999758,13.347757321033187
15.519999999999758,13.225054044184862
15.539999999999758,13.093806833966582
15.559999999999757,12.95694395197139
15.579999999999757,12.813151304601858
15.599999999999756,12.659761322330645
15.619999999999756,12.499129360929238
15.639999999999755,12.32821942504401
15.659999999999755,12.154683365818022
15.679999999999755,11.978260043948199
15.699999999999754,11.845179863647395
15.719999999999754,11.72547293217824
15.739999999999753,11.521497721450617
15.759999999999753,11.305706523905014
15.779999999999752,11.086826356907688
15.799999999999752,10.87364679661361
15.819999999999752,10.73436774574048
15.839999999999751,10.569494449780292
15.85999999999975,10.347202699510603
15.87999999999975,10.120019150581605
15.89999999999975,9.934954797188926
15.91999999999975,9.802211603903666
15.939999999999749,9.590605563718206
15.959999999999749,9.377490589396508
15.979999999999748,9.172415433726231
15.999999999999748,8.98666613872893
16.019999999999747,8.814109215690438
16.039999999999747,8.693881263240698
16.059999999999746,8.608356797752148
16.079999999999746,8.483051259045936
16.099999999999746,8.374418194913774
16.119999999999745,8.274222247921534
16.139999999999745,8.180096502924208
16.159999999999744,8.096818485123283
16.179999999999744,8.03035420110058
16.199999999999743,7.973298295422914
16.219999999999743,7.93406028211813
16.239999999999743,7.902814470256966
16.259999999999742,7.893067765616095
16.279999999999742,7.893251880585887
16.29999999999974,7.8974520439797615
16.31999999999974,7.914328292916816
16.33999999999974,7.9309686605859495
16.35999999999974,7.950660148441734
16.37999999999974,7.982810942027063
16.39999999999974,8.009651951593646
16.41999999999974,8.048592656348935
16.43999999999974,8.098693474020706
16.459999999999738,8.141108455987176
16.479999999999738,8.181035587639997
16.499999999999737,8.231316612840535
16.519999999999737,8.289257328237593
16.539999999999736,8.335809497757563
16.559999999999736,8.38494096338508
16.579999999999735,8.42323275217243
16.599999999999735,8.482648072106217
16.619999999999735,8.5290813901934
16.639999999999734,8.605782995005203
16.659999999999734,8.671568540709766
16.679999999999733,8.753146568053081
16.699999999999733,8.82151817543773
16.719999999999732,8.903574314126265
16.739999999999732,8.979885945738697
16.75999999999973,9.057508271437186
16.77999999999973,9.123381488366753
16.79999999999973,9.203328790301576
16.81999999999973,9.282379564999873
16.83999999999973,9.35940122207521
16.85999999999973,9.433456693484946
16.87999999999973,9.509379102497036
16.89999999999973,9.584261899034173
16.919999999999728,9.653334870823143
16.939999999999728,9.730351227252951
16.959999999999727,9.80649546646458
16.979999999999727,9.883158149258687
16.999999999999726,9.954569224311626
17.019999999999726,10.031580070923935
17.039999999999726,10.10714318894075
17.059999999999725,10.183578820810453
17.079999999999725,10.254478584295445
17.099999999999724,10.329286011418736
17.119999999999724,10.40115799639868
17.139999999999723,10.470911780125101
17.159999999999723,10.545321591748861
17.179999999999723,10.617995584348876
17.199999999999722,10.694317525763362
17.21999999999972,10.767256452686533
17.23999999999972,10.841987163778521
17.25999999999972,10.912452290068053
17.27999999999972,10.985081841060644
17.29999999999972,11.060627524813382
17.31999999999972,11.135448940325235
17.33999999999972,11.208116502253922
17.35999999999972,11.27455652889295
17.37999999999972,11.330554563665158
17.399999999999718,11.372039222343977
17.419999999999717,11.39420677263987
17.439999999999717,11.396039499783747
17.459999999999717,11.381756233659043
17.479999999999716,11.350101176471078
17.499999999999716,11.303460207224633
17.519999999999715,11.249654768403161
17.539999999999715,11.18677468343336
17.559999999999715,11.114378579280535
17.579999999999714,11.0383312707245
17.599999999999714,10.961959879026246
17.619999999999713,10.885411892632966
17.639999999999713,10.807108346831747
17.659999999999712,10.727700739840733
17.679999999999712,10.651040944043567
17.69999999999971,10.575702794966391
17.71999999999971,10.499308957422539
17.73999999999971,10.42401890934723
17.75999999999971,10.349662561535267
17.77999999999971,10.276528639426727
17.79999999999971,10.208016509230264
17.81999999999971,10.145894843984589
17.83999999999971,10.087652138101475
17.859999999999708,10.031864993210757
17.879999999999708,9.978878240299805
17.899999999999707,9.938916117133118
17.919999999999707,9.902176796171245
17.939999999999706,9.87393020940163
17.959999999999706,9.851122126572772
17.979999999999706,9.838219356502805
17.999999999999705,9.830656954543548
18.019999999999705,9.82544951580364
18.039999999999704,9.828163085864308
18.059999999999704,9.83901407312163
18.079999999999703,9.84917995927192
18.099999999999703,9.868307939224602
18.119999999999703,9.890778900945431
18.139999999999702,9.915998741101408
18.1599999999997,9.938692318699776
18.1799999999997,9.96620971140815
18.1999999999997,9.991491138552838
18.2199999999997,10.021968016598366
18.2399999999997,10.04751297738352
18.2599999999997,10.075185773326778
18.2799999999997,10.105763736709447
18.2999999999997,10.127069616546834
18.3199999999997,10.156252529800772
18.339999999999698,10.17728888988891
18.359999999999697,10.195478017391848
18.379999999999697,10.21600575170156
18.399999999999697,10.232211688925007
18.419999999999696,10.239622505167839
18.439999999999696,10.236418403365553
18.459999999999695,10.2343832107335
18.479999999999695,10.255415901493485
18.499999999999694,10.276685627391604
18.519999999999694,10.311343341101974
18.539999999999694,10.338015484085512
18.559999999999693,10.384146575588153
18.579999999999693,10.427979104676071
18.599999999999692,10.476736701259098
18.619999999999692,10.525985242465508
18.63999999999969,10.583852935989553
18.65999999999969,10.633833379973659
18.67999999999969,10.693791299490096
18.69999999999969,10.74627050085931
18.71999999999969,10.79883919411264
18.73999999999969,10.86127217686881
18.75999999999969,10.918033373021574
18.77999999999969,10.97999374508812
18.799999999999688,11.038310253967518
18.819999999999688,11.095677650906547
18.839999999999687,11.149452308098978
18.859999999999687,11.214327307866233
18.879999999999686,11.271116290532158
18.899999999999686,11.325550356533201
18.919999999999686,11.396511067484855
18.939999999999685,11.458028282075341
18.959999999999685,11.503718168078057
18.979999999999684,11.53501268642359
18.999999999999684,11.541538695512703
19.019999999999683,11.527576595868751
19.039999999999683,11.494159721732432
19.059999999999683,11.447508811324157
19.079999999999682,11.387084985447476
19.09999999999968,11.31629353535507
19.11999999999968,11.24087344918671
19.13999999999968,11.166887392184602
19.15999999999968,11.104020039485107
19.17999999999968,11.048126137840727
19.19999999999968,10.991589516534876
19.21999999999968,10.940161184857724
19.23999999999968,10.89720829057262
19.25999999999968,10.867253514551912
19.279999999999678,10.844898760835042
19.299999999999677,10.831926135083487
19.319999999999677,10.8306268434856
19.339999999999677,10.833058908838996
19.359999999999676,10.836266520613899
19.379999999999676,10.852448798949858
19.399999999999675,10.867850207237568
19.419999999999675,10.892370822072435
19.439999999999674,10.914984816862539
19.459999999999674,10.952584134181523
19.479999999999674,10.987493659312326
19.499999999999673,11.028660065945092
19.519999999999673,11.063609412815333
19.539999999999672,11.088113417930938
19.559999999999672,11.13102956260998
19.57999999999967,11.169059920977732
19.59999999999967,11.192688959100689
19.61999999999967,11.204444073476488
19.63999999999967,11.198379698307107
19.65999999999967,11.177837184130732
19.67999999999967,11.14605694021184
19.69999999999967,11.102131826752323
19.71999999999967,11.051702989196087
19.739999999999668,10.994617972790442
19.759999999999668,10.934056731457563
19.779999999999667,10.87782933991717
19.799999999999667,10.814888848149252
19.819999999999666,10.746857058057039
19.839999999999666,10.694123101323573
19.859999999999665,10.64118099152586
19.879999999999665,10.606081484734618
19.899999999999665,10.576443785658771
19.919999999999664,10.553820464020633
19.939999999999664,10.535178013641874
19.959999999999663,10.53639898880156
19.979999999999663,10.538974762718507
19.999999999999662,10.55038520136293
20.019999999999662,10.570250744714091
20.03999999999966,10.593950983019726
20.05999999999966,10.614669352858389
20.07999999999966,10.640241402453315
20.09999999999966,10.67196074660347
20.11999999999966,10.704917112886047
20.13999999999966,10.748415368968395
20.15999999999966,10.788604606661355
20.17999999999966,10.839877824948418
20.19999999999966,10.886368207966562
20.219999999999658,10.925909994424861
20.239999999999657,10.979865418545103
20.259999999999657,11.02646473543807
20.279999999999657,11.079862884328755
20.299999999999656,11.135719015348245
20.319999999999656,11.186886327266414
20.339999999999655,11.241062275902463
20.359999999999655,11.284729519300722
20.379999999999654,11.312474098976685
20.399999999999654,11.32698863807631
20.419999999999654,11.322920407828988
20.439999999999653,11.301890183660694
20.459999999999653,11.265012022824083
20.479999999999652,11.217744884381496
20.499999999999652,11.158164967793066
20.51999999999965,11.094832164620723
20.53999999999965,11.027518915976696
20.55999999999965,10.956875131709468
20.57999999999965,10.883477150092215
20.59999999999965,10.808896303539518
20.61999999999965,10.734417424492875
20.63999999999965,10.660440295073336
20.65999999999965,10.58674624106609
20.679999999999648,10.512926723187453
20.699999999999648,10.438185728266193
20.719999999999647,10.358411749102746
20.739999999999647,10.272231026453525
20.759999999999646,10.20812811567005
20.779999999999646,10.146162495315998
20.799999999999645,10.101950504693193
20.819999999999645,10.062469957552135
20.839999999999645,10.031021317302306
20.859999999999644,10.017018962790555
20.879999999999644,10.010184586553839
20.899999999999643,10.018479063657125
20.919999999999643,10.025512583346282
20.939999999999642,10.04673359868957
20.959999999999642,10.066622437446929
20.97999999999964,10.096841747478427
20.99999999999964,10.123180461632721
21.01999999999964,10.162108133144397
21.03999999999964,10.19662268243126
21.05999999999964,10.231170759551595
21.07999999999964,10.278234334846648
21.09999999999964,10.317856606583028
21.11999999999964,10.37202170156121
21.139999999999638,10.422127670134808
21.159999999999638,10.470137349725588
21.179999999999637,10.52408655712585
21.199999999999637,10.568861303141627
21.219999999999636,10.630162938866004
21.239999999999636,10.691465587114825
21.259999999999636,10.742195477969863
21.279999999999635,10.796667264436067
21.299999999999635,10.843767523078355
21.319999999999634,10.880519915375313
21.339999999999634,10.902980051957048
21.359999999999634,10.917692538367474
21.379999999999633,10.92101265823205
21.399999999999633,10.91337589498381
21.419999999999632,10.896264070505376
21.439999999999632,10.869378584638595
21.45999999999963,10.830062008158826
21.47999999999963,10.778364541982352
21.49999999999963,10.746720132303874
21.51999999999963,10.714182576345502
21.53999999999963,10.676124674422775
21.55999999999963,10.664506423214556
21.57999999999963,10.655987364490922
21.59999999999963,10.662222027423775
21.619999999999628,10.665823319386876
21.639999999999628,10.6729017345688
21.659999999999627,10.68299246727424
21.679999999999627,10.713342964080441
21.699999999999626,10.736752942819297
21.719999999999626,10.773245362295574
21.739999999999625,10.8059337442327
21.759999999999625,10.830519370045248
21.779999999999625,10.878000268853464
21.799999999999624,10.924350515225408
21.819999999999624,10.971752656802073
21.839999999999623,11.014943140370415
21.859999999999623,11.047935859786222
21.879999999999622,11.067897996270183
21.899999999999622,11.074416457723226
21.91999999999962,11.065147395943164
21.93999999999962,11.04413846685171
21.95999999999962,11.011455362394457
21.97999999999962,10.970795351275948
21.99999999999962,10.924079506059932
22.01999999999962,10.87212427982773
22.03999999999962,10.816501629326574
22.05999999999962,10.758464996483722
22.079999999999618,10.698975499889574
22.099999999999618,10.636746371490034
22.119999999999617,10.567428593200368
22.139999999999617,10.489697363279708
22.159999999999616,10.422172980333986
22.179999999999616,10.366448689647243
22.199999999999616,10.325749756844992
22.219999999999615,10.296430543664224
22.239999999999615,10.269337730189301
22.259999999999614,10.25627129139955
22.279999999999614,10.25045977648589
22.299999999999613,10.255340034729473
22.319999999999613,10.258428982988862
22.339999999999613,10.269576343349032
22.359999999999612,10.295235025907479
22.37999999999961,10.319446752667762
22.39999999999961,10.346760365045702
22.41999999999961,10.383837152810928
22.43999999999961,10.423079820066004
22.45999999999961,10.46063463898576
22.47999999999961,10.50870323928888
22.49999999999961,10.551990000029159
22.51999999999961,10.60387460773967
22.53999999999961,10.651318282731536
22.559999999999608,10.70734169300138
22.579999999999607,10.757262170307945
22.599999999999607,10.809129170545143
22.619999999999607,10.85529645691615
22.639999999999606,10.918546987941026
22.659999999999606,10.975865892372621
22.679999999999605,11.036165478717843
22.699999999999605,11.101718077922301
22.719999999999605,11.161298535879432
22.739999999999604,11.226632306916473
22.759999999999604,11.286303210735944
22.779999999999603,11.352607771995844
22.799999999999603,11.41874623212207
22.819999999999602,11.48302149599034
22.839999999999602,11.549541401949382
22.8599999999996,11.61222227239809
22.8799999999996,11.680235609394359
22.8999999999996,11.740548572477445
22.9199999999996,11.808917238847465
22.9399999999996,11.869650802115723
22.9599999999996,11.940424423357866
22.9799999999996,12.006465155074261
22.9999999999996,12.076247320177528
23.019999999999598,12.144766733640617
23.039999999999598,12.208544854735246
23.059999999999597,12.27559213224569
23.079999999999597,12.333636675478816
23.099999999999596,12.405284844691638
23.119999999999596,12.474612693208927
23.139999999999596,12.544810413180906
23.159999999999595,12.613831259803952
23.179999999999595,12.6787537134571
23.199999999999594,12.740534604462628
23.219999999999594,12.810088854249466
23.239999999999593,12.87705470599762
23.259999999999593,12.947976451449044
23.279999999999593,13.013182718041193
23.299999999999592,13.079219779106769
23.31999999999959,13.136597197686173
23.33999999999959,13.207006338578394
23.35999999999959,13.27470908526174
23.37999999999959,13.341944350495915
23.39999999999959,13.407252871044987
23.41999999999959,13.474839326725265
23.43999999999959,13.538857475815618
23.45999999999959,13.600322605567767
23.47999999999959,13.64838531339702
23.499999999999588,13.680118933644781
23.519999999999587,13.696211564814906
23.539999999999587,13.689001249745374
23.559999999999587,13.657013141675947
23.579999999999586,13.604051204780756
23.599999999999586,13.530029634866732
23.619999999999585,13.441939217790104
23.639999999999585,13.340190281573806
23.659999999999584,13.227998833909053
23.679999999999584,13.11095359960891
23.699999999999584,12.997829607542014
23.719999999999583,12.891009219310204
23.739999999999583,12.793746886226868
23.759999999999582,12.708759017793303
23.779999999999582,12.636623000052536
23.79999999999958,12.571386285677036
23.81999999999958,12.514827904635236
23.83999999999958,12.467830050003164
23.85999999999958,12.43065703564782
23.87999999999958,12.402184955810089
23.89999999999958,12.38274214762583
23.91999999999958,12.370474539303515
23.93999999999958,12.365715626051072
23.959999999999578,12.368210655477638
23.979999999999578,12.376662250755718
23.999999999999577,12.387496258834366
24.019999999999577,12.405970237101048
24.039999999999576,12.42563085861973
24.059999999999576,12.452304563706752
24.079999999999576,12.478520917879843
24.099999999999575,12.511663689037713
24.119999999999575,12.547245659836422
24.139999999999574,12.585776158031601
24.159999999999574,12.626930433512685
24.179999999999573,12.670205290226672
24.199999999999573,12.715361780474574
24.219999999999573,12.762212193688631
24.239999999999572,12.810390369990188
24.25999999999957,12.860317005823935
24.27999999999957,12.911572756489146
24.29999999999957,12.963632174273647
24.31999999999957,13.017203525956187
24.33999999999957,13.071841986288675
24.35999999999957,13.127368203551157
24.37999999999957,13.18376369563608
24.39999999999957,13.240837475274851
24.41999999999957,13.297568265553547
24.439999999999568,13.356022109638895
24.459999999999567,13.414933380201436
24.479999999999567,13.47369707202392
24.499999999999567,13.531273827068897
24.519999999999566,13.588312985696339
24.539999999999566,13.648498718921834
24.559999999999565,13.709782121773754
24.579999999999565,13.771544193792497
24.599999999999564,13.833612641485088
24.619999999999564,13.895353680175452
24.639999999999564,13.957959270159087
24.659999999999563,14.020492195616011
24.679999999999563,14.083319642007012
24.699999999999562,14.146258684568783
24.719999999999562,14.20926972095316
24.73999999999956,14.271903079402048
24.75999999999956,14.334318290862619
24.77999999999956,14.397922716009957
24.79999999999956,14.461246994825991
24.81999999999956,14.524619648641034
24.83999999999956,14.586493568869438
24.85999999999956,14.650387687032318
24.87999999999956,14.711577009190785
24.899999999999558,14.775597343659424
24.919999999999558,14.83870954920682
24.939999999999557,14.901257379644418
24.959999999999557,14.965136372509466
24.979999999999556,15.027511444096163
24.999999999999556,15.091319215919944
25.019999999999555,15.154882770255117
25.039999999999555,15.218210783323864
25.059999999999555,15.279829373512504
25.079999999999554,15.340683569831482
25.099999999999554,15.40429221597242
25.119999999999553,15.467378819008129
25.139999999999553,15.529782051780542
25.159999999999553,15.592659122511666
25.179999999999552,15.655816868226797
25.19999999999955,15.718848564710889
25.21999999999955,15.781504710126688
25.23999999999955,15.844196478028442
25.25999999999955,15.905678356808027
25.27999999999955,15.967494377775786
25.29999999999955,16.028499726640025
25.31999999999955,16.090226490580733
25.33999999999955,16.15257992414441
25.35999999999955,16.214663915323197
25.379999999999548,16.276745811347624
25.399999999999547,16.336733456086304
25.419999999999547,16.395808776439896
25.439999999999547,16.457191830835768
25.459999999999546,16.512335242779905
25.479999999999546,16.5727047919848
25.499999999999545,16.632847918114557
25.519999999999545,16.69400277007223
25.539999999999544,16.754631301703995
25.559999999999544,16.814405294262226
25.579999999999544,16.87558230148796
25.599999999999543,16.93635597331472
25.619999999999543,16.997091148003697
25.639999999999542,17.0576923531089
25.659999999999542,17.117321050369828
25.67999999999954,17.176764158346618
25.69999999999954,17.23700134224839
25.71999999999954,17.29637201647349
25.73999999999954,17.35382237129145
25.75999999999954,17.412055861099986
25.77999999999954,17.471424023762548
25.79999999999954,17.531059565465267
25.81999999999954,17.59049295196759
25.839999999999538,17.649491477952438
25.859999999999538,17.708200610734885
25.879999999999537,17.76440198683815
25.899999999999537,17.821222995997655
25.919999999999536,17.880226910636633
25.939999999999536,17.938422028648805
25.959999999999535,17.99698105263273
25.979999999999535,18.054905178954147
25.999999999999535,18.113096946035018
26.019999999999534,18.170607819309833
26.039999999999534,18.227653154926763
26.059999999999533,18.285424137632692
26.079999999999533,18.343176077046973
26.099999999999532,18.40062803473673
26.119999999999532,18.45785927069575
26.13999999999953,18.515318971308737
26.15999999999953,18.5727452720525
26.17999999999953,18.630012942805333
26.19999999999953,18.686435147563117
26.21999999999953,18.743438809622322
26.23999999999953,18.800450896707243
26.25999999999953,18.85738993551588
26.27999999999953,18.913410533764775
26.299999999999528,18.96823967083752
26.319999999999528,19.022327861267957
26.339999999999527,19.0788920529354
26.359999999999527,19.134937660170518
26.379999999999526,19.189911262367296
26.399999999999526,19.246452367662183
26.419999999999526,19.30016884471134
26.439999999999525,19.35496106515927
26.459999999999525,19.40931667838585
26.479999999999524,19.465568079818446
26.499999999999524,19.52131243515871
26.519999999999524,19.572729457141506
26.539999999999523,19.62848824430427
26.559999999999523,19.683086096393723
26.579999999999522,19.737803112517227
26.599999999999522,19.79340880855137
26.61999999999952,19.848311801653015
26.63999999999952,19.9039771816024
26.65999999999952,19.95665139624934
26.67999999999952,20.011259175412413
26.69999999999952,20.06661842141553
26.71999999999952,20.119748077574613
26.73999999999952,20.17068458254436
26.75999999999952,20.22422706530216
26.779999999999518,20.275313891334324
26.799999999999518,20.32316141754182
26.819999999999517,20.367920828000507
26.839999999999517,20.407364574449396
26.859999999999516,20.442900935661086
26.879999999999516,20.471610123208393
26.899999999999515,20.49851992197209
26.919999999999515,20.516846139322507
26.939999999999515,20.5314621249056
26.959999999999514,20.53904970693768
26.979999999999514,20.541441045320777
26.999999999999513,20.53520291171877
27.019999999999513,20.524611985221906
27.039999999999512,20.50473058651439
27.059999999999512,20.483745887171814
27.07999999999951,20.457217612114302
27.09999999999951,20.427855797783334
27.11999999999951,20.394400211348202
27.13999999999951,20.358865863012593
27.15999999999951,20.321149186785863
27.17999999999951,20.281847555926692
27.19999999999951,20.241529494377964
27.21999999999951,20.200775843801825
27.239999999999508,20.159669424591566
27.259999999999508,20.11926613560459
27.279999999999507,20.079925270327273
27.299999999999507,20.040941092382912
27.319999999999506,20.006020790274537
27.339999999999506,19.973472619003918
27.359999999999506,19.943465705284424
27.379999999999505,19.916172758460032
27.399999999999505,19.894077645553203
27.419999999999504,19.875753347294587
27.439999999999504,19.861942785664183
27.459999999999503,19.851922904694547
27.479999999999503,19.846414347443613
27.499999999999503,19.84466227294322
27.519999999999502,19.845251252169103
27.5399999999995,19.850113198833082
27.5599999999995,19.857944428581344
27.5799999999995,19.86822028375502
27.5999999999995,19.881284544472635
27.6199999999995,19.894971852233084
27.6399999999995,19.91188284923196
27.6599999999995,19.92933049664088
27.6799999999995,19.950393567640642
27.6999999999995,19.968742820951004
27.719999999999498,19.992160728549166
27.739999999999498,20.016987967160578
27.759999999999497,20.042277246261694
27.779999999999497,20.066081275246287
27.799999999999496,20.09118760314892
27.819999999999496,20.115409612897704
27.839999999999495,20.13861230921078
27.859999999999495,20.16001464639122
27.879999999999495,20.179380772030687
27.899999999999494,20.19640135202931
27.919999999999494,20.21193134008958
27.939999999999493,20.224845865114453
27.959999999999493,20.23583320730658
27.979999999999492,20.243255541817874
27.999999999999492,20.24771862767681
28.01999999999949,20.2501237843962
28.03999999999949,20.250073859559777
28.05999999999949,20.245161411979392
28.07999999999949,20.239790924928236
28.09999999999949,20.231901500511707
28.11999999999949,20.220532737178967
28.13999999999949,20.208303238020104
28.15999999999949,20.191610666575492
28.179999999999488,20.175413882550053
28.199999999999488,20.156854774731357
28.219999999999487,20.139504626567927
28.239999999999487,20.121730343861955
28.259999999999486,20.103646988975626
28.279999999999486,20.085162859185093
28.299999999999486,20.067223831053912
28.319999999999485,20.049020983023336
28.339999999999485,20.032451107977394
28.359999999999484,20.017047302114527
28.379999999999484,20.002579482270892
28.399999999999483,19.98955340947013
28.419999999999483,19.978098757873656
28.439999999999483,19.968356238251886
28.459999999999482,19.960564174486684
28.47999999999948,19.954545312658855
28.49999999999948,19.950389361172267
28.51999999999948,19.9477552679825
28.53999999999948,19.947090108149897
28.55999999999948,19.94802112637604
28.57999999999948,19.950680191564533
28.59999999999948,19.95471282261024
28.61999999999948,19.959707984104178
28.63999999999948,19.96623378385777
28.659999999999478,19.974092331720804
28.679999999999477,19.979294161753852
28.699999999999477,19.98905611795372
28.719999999999477,19.995777817580596
28.739999999999476,20.006074925008853
28.759999999999476,20.015254698157868
28.779999999999475,20.023879503212232
28.799999999999475,20.034543623774134
28.819999999999474,20.042373200522224
28.839999999999474,20.04534538518948
28.859999999999474,20.04440994087827
28.879999999999473,20.053023860738335
28.899999999999473,20.053420079123427
28.919999999999472,20.0611422064047
28.939999999999472,20.060351355533424
28.95999999999947,20.05567178629636
28.97999999999947,20.05571617356437
28.99999999999947,20.05780039460961
29.01999999999947,20.054267716438513
29.03999999999947,20.03977965397098
29.05999999999947,20.041643866128606
29.07999999999947,20.04100703166939
29.09999999999947,20.039107003139364
29.119999999999468,20.03760320412306
29.139999999999468,20.03667213579541
29.159999999999467,20.03625668336966
29.179999999999467,20.03229661797155
29.199999999999466,20.03251847251447
29.219999999999466,20.02764081253106
29.239999999999466,20.021946380998678
29.259999999999465,20.019491911280145
29.279999999999465,20.01241976402415
29.299999999999464,20.008823013779388
29.319999999999464,20.003666564611034
29.339999999999463,19.989513034021968
29.359999999999463,19.972772845615275
29.379999999999463,19.956434589974883
29.399999999999462,19.943676684360028
29.41999999999946,19.925589137550144
29.43999999999946,19.91401370374941
29.45999999999946,19.905623999355637
29.47999999999946,19.899685121960196
29.49999999999946,19.89491534977168
29.51999999999946,19.88922664016888
29.53999999999946,19.885384971295398
29.55999999999946,19.876401358102914
29.57999999999946,19.87265739509854
29.599999999999458,19.868828351637458
29.619999999999457,19.86632252990026
29.639999999999457,19.86739734286694
29.659999999999457,19.866043607880044
29.679999999999456,19.865464596802397
29.699999999999456,19.86984376765186
29.719999999999455,19.869331540972542
29.739999999999455,19.875519671463664
29.759999999999454,19.87927088796932
29.779999999999454,19.886487997239463
29.799999999999454,19.893526004407242
29.819999999999453,19.90110454446626
29.839999999999453,19.905035041409555
29.859999999999452,19.917981649756353
29.879999999999452,19.928866768723143
29.89999999999945,19.935825847209617
29.91999999999945,19.94703405270591
29.93999999999945,19.962220244744284
29.95999999999945,19.969402529148038
29.97999999999945,19.98281185003743
29.99999999999945,19.999727692767134
30.01999999999945,20.014262608964728
30.03999999999945,20.02886849319312
30.059999999999448,20.04682309169427
30.079999999999448,20.060404413047948
30.099999999999447,20.075156440934023
30.119999999999447,20.086889754191702
30.139999999999446,20.100379245549515
30.159999999999446,20.114441278619775
30.179999999999445,20.12281357881635
30.199999999999445,20.13868137040779
30.219999999999445,20.148204162580463
30.239999999999444,20.15528053716372
30.259999999999444,20.165318438278014
30.279999999999443,20.17150096644564
30.299999999999443,20.177810742887694
30.319999999999443,20.17995701636243
30.339999999999442,20.179711717970033
30.35999999999944,20.177624009753103
30.37999999999944,20.173279558467815
30.39999999999944,20.167859138381417
30.41999999999944,20.15874917748524
30.43999999999944,20.150063056799457
30.45999999999944,20.135364828326825
30.47999999999944,20.12195270027008
30.49999999999944,20.105275361229662
30.51999999999944,20.08828354058249
30.539999999999438,20.068610353512092
30.559999999999437,20.04975928665797
30.579999999999437,20.033233778506947
30.599999999999437,20.014980046758357
30.619999999999436,19.99591140213543
30.639999999999436,19.97701919591237
30.659999999999435,19.958760198075268
30.679999999999435,19.9426857668689
30.699999999999434,19.92833414981637
30.719999999999434,19.918086690589597
30.739999999999434,19.905511703233685
30.759999999999433,19.89426333186788
30.779999999999433,19.881959337356218
30.799999999999432,19.875071868490746
30.819999999999432,19.868988621323187
30.83999999999943,19.86298163377436
30.85999999999943,19.857089861583304
30.87999999999943,19.8573661078544
30.89999999999943,19.853400340882363
30.91999999999943,19.854992773153064
30.93999999999943,19.857964212604436
30.95999999999943,19.861443691081273
30.97999999999943,19.86683284195356
30.999999999999428,19.873268261877143
31.019999999999428,19.879075139152167
31.039999999999427,19.887009579073407
31.059999999999427,19.89652465462496
31.079999999999426,19.909061225526575
31.099999999999426,19.923088580909358
31.119999999999425,19.932877665771535
31.139999999999425,19.948091629724924
31.159999999999425,19.96163692030293
31.179999999999424,19.972883878949112
31.199999999999424,19.985934066785347
31.219999999999423,19.998109601790432
31.239999999999423,20.00987827513422
31.259999999999422,20.019136145614112
31.279999999999422,20.028061665427987
31.29999999999942,20.038449014521973
31.31999999999942,20.04454279056939
31.33999999999942,20.053071738699572
31.35999999999942,20.05872412892291
31.37999999999942,20.06369457850218
31.39999999999942,20.066106392906715
31.41999999999942,20.068759874481675
31.43999999999942,20.069609278175854
31.459999999999418,20.07065918372721
31.479999999999418,20.06957428606281
31.499999999999417,20.06779333283221
31.519999999999417,20.064233395571335
31.539999999999417,20.058767384631516
31.559999999999416,20.052032758820427
31.579999999999416,20.045923849743318
31.599999999999415,20.037350158080116
31.619999999999415,20.026720790258093
31.639999999999414,20.019027188966543
31.659999999999414,20.008407211822487
31.679999999999414,19.996391153026096
31.699999999999413,19.987617861000942
31.719999999999413,19.976288157052537
31.739999999999412,19.965580183193037
31.759999999999412,19.954940232043572
31.77999999999941,19.9493107507991
31.79999999999941,19.943181296961644
31.81999999999941,19.933613489125847
31.83999999999941,19.92761099515675
31.85999999999941,19.92344738387447
31.87999999999941,19.91970445687454
31.89999999999941,19.917626844989886
31.91999999999941,19.91467880055939
31.939999999999408,19.915142744737697
31.959999999999408,19.915772681530683
31.979999999999407,19.920154012790768
31.999999999999407,19.922590494061254
32.019999999999406,19.92564043490449
32.03999999999941,19.930173706271493
32.05999999999941,19.93795104313335
32.079999999999416,19.942653369451687
32.09999999999942,19.952783132370737
32.11999999999942,19.962177890476816
32.139999999999425,19.969917576889557
32.15999999999943,19.974516649352406
32.17999999999943,19.98290814339545
32.199999999999434,19.991809406318392
32.21999999999944,19.996878706366736
32.23999999999944,20.005147189820953
32.259999999999444,20.014955005299935
32.27999999999945,20.02703366234967
32.29999999999945,20.03334745884366
32.31999999999945,20.04441286962459
32.339999999999456,20.052235701639283
32.35999999999946,20.058494123755924
32.37999999999946,20.06529371500297
32.399999999999466,20.066444764793868
32.41999999999947,20.0697723874117
32.43999999999947,20.074145008168365
32.459999999999475,20.07705392769086
32.47999999999948,20.07661067085179
32.49999999999948,20.076721953362327
32.519999999999484,20.077501405148425
32.53999999999949,20.072961917500816
32.55999999999949,20.071263378262422
32.579999999999494,20.068496415127296
32.5999999999995,20.06818772335931
32.6199999999995,20.06481438577492
32.6399999999995,20.063275661092984
32.659999999999506,20.061833731260332
32.67999999999951,20.057552964660196
32.69999999999951,20.055053632190248
32.719999999999516,20.05251061324557
32.73999999999952,20.04981082985755
32.75999999999952,20.047345705899275
32.779999999999525,20.044104928973226
32.79999999999953,20.0416531428604
32.81999999999953,20.039322037596364
32.839999999999534,20.03719463329795
32.85999999999954,20.0342544002296
32.87999999999954,20.031470602349184
32.899999999999544,20.029533181632317
32.91999999999955,20.027571628113634
32.93999999999955,20.02553166168356
32.95999999999955,20.024073893941605
32.979999999999556,20.022910869663104
32.99999999999956,20.022330961307333
33.01999999999956,20.02191558452256
33.039999999999566,20.021804412233248
33.05999999999957,20.021639766371727
33.07999999999957,20.021716038809764
33.099999999999575,20.02199479400786
33.11999999999958,20.02238068629508
33.13999999999958,20.02288610574347
33.159999999999584,20.02342210348844
33.17999999999959,20.02394842879492
33.19999999999959,20.024335259135654
33.219999999999594,20.02480914188881
33.2399999999996,20.02504394555333
33.2599999999996,20.025477722441934
33.2799999999996,20.025702559548748
33.299999999999606,20.025941304246114
33.31999999999961,20.025971570741046
33.33999999999961,20.026082419248993
33.359999999999616,20.02609303682039
33.37999999999962,20.025878927411174
33.39999999999962,20.025579791670467
33.419999999999625,20.02530225786166
33.43999999999963,20.024806649551586
33.45999999999963,20.02433424338045
33.479999999999634,20.023752734676183
33.49999999999964,20.022947204541314
33.51999999999964,20.022261099515053
33.539999999999644,20.021252871406208
33.55999999999965,20.020478323007207
33.57999999999965,20.019634467502613
33.59999999999965,20.018739579961064
33.619999999999656,20.017882513258833
33.63999999999966,20.01695992082736
33.65999999999966,20.01610795897738
33.679999999999666,20.015256774695985
33.69999999999967,20.014435572680508
33.71999999999967,20.013506715918062
33.739999999999675,20.012770157107386
33.75999999999968,20.012078132503213
33.77999999999968,20.011409725932747
33.799999999999685,20.01084287992631
33.81999999999969,20.010293636097625
33.83999999999969,20.009868589674014
33.859999999999694,20.009389879173046
33.8799999999997,20.009119430873533
33.8999999999997,20.00879705081283
33.9199999999997,20.008590183694835
33.939999999999706,20.00852574072016
33.95999999999971,20.008493052302327
33.97999999999971,20.00856971871286
33.999999999999716,20.00867710839948
34.01999999999972,20.008819699733497
34.03999999999972,20.00899409463095
34.059999999999725,20.009247233823928
34.07999999999973,20.00953570646532
34.09999999999973,20.00978835369169
34.119999999999735,20.01011546774063
34.13999999999974,20.010453603767946
34.15999999999974,20.010786978250948
34.179999999999744,20.011120367279148
34.19999999999975,20.011449052256587
34.21999999999975,20.01175094679567
34.23999999999975,20.012035670725332
34.259999999999756,20.012251612132683
34.27999999999976,20.01237314017404
34.29999999999976,20.01246390264377
34.319999999999766,20.01262983584899
34.33999999999977,20.01268676276553
34.35999999999977,20.01270236728051
34.379999999999775,20.01266595764991
34.39999999999978,20.01263583954185
34.41999999999978,20.012199252916634
34.439999999999785,20.01206574534633
34.45999999999979,20.011831564267386
34.47999999999979,20.01140481824349
34.499999999999794,20.011049219483617
34.5199999999998,20.010442467893508
34.5399999999998,20.00941002484518
34.5599999999998,20.006488325951672
34.57999999999981,20.0052082011594
34.59999999999981,20.003191840590798
34.61999999999981,20.001601026321417
34.639999999999816,19.999542081720765
34.65999999999982,19.99800918937732
34.67999999999982,19.9971929157035
34.699999999999825,19.995957010068246
34.71999999999983,19.995252013158332
34.73999999999983,19.993914792160382
34.759999999999835,19.993188457659574
34.77999999999984,19.987647588337428
34.79999999999984,19.981421641288506
34.819999999999844,19.977357654129452
34.83999999999985,19.973847497525373
34.85999999999985,19.965633612580877
34.87999999999985,19.962012777100135
34.89999999999986,19.95926890854273
34.91999999999986,19.958466831345124
34.93999999999986,19.96285609935103
34.959999999999866,19.967164120309096
34.97999999999987,19.969885924707132
34.99999999999987,19.97309351000033
35.019999999999875,19.977720776859474
35.03999999999988,19.981986473769364
35.05999999999988,19.986323165080627
35.079999999999885,19.99150900305668
35.09999999999989,19.993375392120274
35.11999999999989,19.997636571063918
35.139999999999894,20.00032772348176
35.1599999999999,19.995861445669405
35.1799999999999,19.99507076931498
35.1999999999999,19.98651686350636
35.21999999999991,19.980730334353577
35.23999999999991,19.969345591450338
35.25999999999991,19.96333752747434
35.279999999999916,19.951848232681993
35.29999999999992,19.95054416689286
35.31999999999992,19.955919349015993
35.339999999999925,19.960185661271968
35.35999999999993,19.96020034450685
35.37999999999993,19.951836896767574
35.399999999999935,19.942054587361927
35.41999999999994,19.9373224419354
35.43999999999994,19.933607938025453
35.459999999999944,19.938395581012376
35.47999999999995,19.945563678690448
35.49999999999995,19.95184285968617
35.51999999999995,19.959675333491017
35.53999999999996,19.961452164149176
35.55999999999996,19.961778496433666
35.57999999999996,19.966542496230584
35.599999999999966,19.978984861130964
35.61999999999997,19.986247344711092
35.63999999999997,19.99746928415842
35.659999999999975,20.005078044119266
35.67999999999998,20.013912038242736
35.69999999999998,20.015432656490933
35.719999999999985,20.016163343527115
35.73999999999999,20.020229658104572
35.75999999999999,20.02220222877101
35.779999999999994,20.02801132326015
35.8,20.034138721385556
35.82,20.033926000896574
35.84,20.038422019916496
35.86000000000001,20.03418287026224
35.88000000000001,20.034334731335793
35.90000000000001,20.030098786393822
35.920000000000016,20.03320351461746
35.94000000000002,20.031668944791196
35.96000000000002,20.028786752866885
35.980000000000025,20.023841968195608
36.00000000000003,20.025374428984005
36.02000000000003,20.02823144373966
36.040000000000035,20.03011235442973
36.06000000000004,20.032417945235238
36.08000000000004,20.03292959896277
36.100000000000044,20.033862164814433
36.12000000000005,20.033064125390275
36.14000000000005,20.03415795556399
36.16000000000005,20.035557773829723
36.18000000000006,20.03663385870475
36.20000000000006,20.036458121686202
36.22000000000006,20.037008517783917
36.240000000000066,20.03774468499727
36.26000000000007,20.03798969513757
36.28000000000007,20.038150283241812
36.300000000000075,20.036785010517548
36.32000000000008,20.036497844273036
36.34000000000008,20.03219931328309
36.360000000000085,20.028711748857948
36.38000000000009,20.022531116385313
36.40000000000009,20.013589924199103
36.420000000000094,20.011826333357593
36.4400000000001,20.008995176005342
36.4600000000001,20.007557982284013
36.4800000000001,20.005645342238743
36.50000000000011,20.0038830257758
36.52000000000011,20.00258838342049
36.54000000000011,20.001801636562476
36.560000000000116,20.001118565472947
36.58000000000012,20.000651165534457
36.60000000000012,19.999808323348983
36.620000000000125,19.998853951514725
36.64000000000013,19.997093061491174
36.66000000000013,19.996220914782718
36.680000000000135,19.993883431485738
36.70000000000014,19.99468142164719
36.72000000000014,19.991560299840216
36.740000000000144,19.992964643391527
36.76000000000015,19.99298920308515
36.78000000000015,19.99427621619405
36.80000000000015,19.996198352242736
36.82000000000016,19.997921682301467
36.84000000000016,19.999992463690372
36.86000000000016,20.002291707801067
36.880000000000166,20.00169347554674
36.90000000000017,20.004193191781884
36.92000000000017,20.003907326808726
36.940000000000175,20.006073232817283
36.96000000000018,20.005804518720446
36.98000000000018,20.007795507490435
37.000000000000185,20.010098816970324
37.02000000000019,20.01114238201893
37.04000000000019,20.013278946257145
37.060000000000194,20.015248469765073
37.0800000000002,20.016068443709287
37.1000000000002,20.0161076056328
37.1200000000002,20.017643601620748
37.14000000000021,20.018508432454233
37.16000000000021,20.019113486964343
37.18000000000021,20.02002450073086
37.200000000000216,20.020371276323708
37.22000000000022,20.020820018600098
37.24000000000022,20.021052066743245
37.260000000000225,20.020558194359673
37.28000000000023,20.020392665309718
37.30000000000023,20.01860674014938
37.320000000000235,20.018058925948406
37.34000000000024,20.016572429434465
37.36000000000024,20.015476578545414
37.380000000000244,20.014556885014425
37.40000000000025,20.013530896937837
37.42000000000025,20.012409329284857
37.44000000000025,20.009781673303802
37.46000000000026,20.00835642932233
37.48000000000026,20.004660761436558
37.50000000000026,20.002130631293955
37.520000000000266,20.000916050657644
37.54000000000027,19.999393389032992
37.56000000000027,19.998815083330076
37.580000000000275,19.997834089177374
37.60000000000028,19.99756443513937
37.62000000000028,19.997472496114746
37.640000000000285,19.997100374989106
37.66000000000029,19.99660137075654
37.68000000000029,19.996681715460085
37.700000000000294,19.996697022706588
37.7200000000003,19.997299422229876
37.7400000000003,19.99755858430804
37.7600000000003,19.998404796454434
37.78000000000031,19.996345292593475
37.80000000000031,19.995140712818507
37.82000000000031,19.992033474544435
37.840000000000316,19.99241034730907
37.86000000000032,19.990508261357892
37.88000000000032,19.99165072647835
37.900000000000325,19.992339685522925
37.92000000000033,19.98849427665275
37.94000000000033,19.988510068560377
37.960000000000335,19.983425869791372
37.98000000000034,19.980991129907345
38.00000000000034,19.97231621154483
38.020000000000344,19.963900845381982
38.04000000000035,19.96736436035667
38.06000000000035,19.96673959362623
38.080000000000354,19.962992499056714
38.10000000000036,19.956086528129184
38.12000000000036,19.948247000106992
38.14000000000036,19.943920286737168
38.160000000000366,19.941773914584907
38.18000000000037,19.947207706821555
38.20000000000037,19.94966085597777
38.220000000000375,19.956341960795154
38.24000000000038,19.963559563135828
38.26000000000038,19.97059970392322
38.280000000000385,19.974224048492008
38.30000000000039,19.981412817328195
38.32000000000039,19.983520723756854
38.340000000000394,19.98351942032392
38.3600000000004,19.978398338821485
38.3800000000004,19.973357349915172
38.400000000000404,19.97189169303692
38.42000000000041,19.966910043087992
38.44000000000041,19.958817386865633
38.46000000000041,19.9602610099135
38.480000000000416,19.95386895648783
38.50000000000042,19.95325472144957
38.52000000000042,19.95343221061627
38.540000000000425,19.946810554375226
38.56000000000043,19.94900867848075
38.58000000000043,19.946980215659526
38.600000000000435,19.947232325620604
38.62000000000044,19.944207503229872
38.64000000000044,19.94137735002479
38.660000000000444,19.9341132541932
38.68000000000045,19.93237334813185
38.70000000000045,19.92941379623277
38.720000000000454,19.93405859555489
38.74000000000046,19.93198175233888
38.76000000000046,19.93011181839852
38.78000000000046,19.936793341792008
38.800000000000466,19.93571451685324
38.82000000000047,19.940215074855413
38.84000000000047,19.939310342247623
38.860000000000475,19.942603919001716
38.88000000000048,19.948738758103335
38.90000000000048,19.952878397777916
38.920000000000485,19.956855538382765
38.94000000000049,19.962224010158714
38.96000000000049,19.965979136332123
38.980000000000494,19.972190392182274
39.0000000000005,19.973373552798588
39.0200000000005,19.977792075483872
39.040000000000504,19.98505349254389
39.06000000000051,19.99287077850967
39.08000000000051,19.995393523660407
39.10000000000051,20.0091266802721
39.120000000000516,20.01282126280603
39.14000000000052,20.021492221728963
39.16000000000052,20.01907125467142
39.180000000000526,20.016982621052545
39.20000000000053,20.024338591654985
39.22000000000053,20.027500540777137
39.240000000000535,20.026005803957545
39.26000000000054,20.03201626873142
39.28000000000054,20.03243735804643
39.300000000000544,20.035426016824466
39.32000000000055,20.03280583143425
39.34000000000055,20.028270892503535
39.360000000000554,20.030305684455566
39.38000000000056,20.027173281554404
39.40000000000056,20.022641593619824
39.42000000000056,20.02586678217525
39.440000000000566,20.01937897258244
39.46000000000057,20.020435794717077
39.48000000000057,20.016759781727302
39.500000000000576,20.016240529708107
39.52000000000058,20.012535846179237
39.54000000000058,20.003174075599016
39.560000000000585,19.9925394758359
39.58000000000059,19.99204267280322
39.60000000000059,19.988130745817998
39.620000000000594,19.985432846696433
39.6400000000006,19.98539075350021
39.6600000000006,19.979126256966488
39.680000000000604,19.97679884544117
39.70000000000061,19.97123904024165
39.72000000000061,19.964493779499737
39.74000000000061,19.96425879145107
39.760000000000616,19.958698903234712
39.78000000000062,19.955136473696705
39.80000000000062,19.937353139467206
39.820000000000626,19.92710193274983
39.84000000000063,19.90521916780683
39.86000000000063,19.867980380970195
39.880000000000635,19.815429935864973
39.90000000000064,19.750692090367355
39.92000000000064,19.662921566717763
39.940000000000644,19.560034270663266
39.96000000000065,19.446798950649388
39.98000000000065,19.350492692405904
40.000000000000654,19.21480156149482
40.02000000000066,19.08555185281677
40.04000000000066,18.956400436134963
40.06000000000066,18.802209867597412
40.080000000000666,18.661998774444278
40.10000000000067,18.519632050164937
40.12000000000067,18.347467520243665
40.140000000000676,18.192215746975297
40.16000000000068,18.062221663522163
40.18000000000068,17.87633475010243
40.200000000000685,17.68681161000149
40.22000000000069,17.54409436971291
40.24000000000069,17.38070574893873
40.260000000000694,17.167938827185907
40.2800000000007,16.98255986174481
40.3000000000007,16.836822014667217
40.320000000000704,16.662274409349894
40.34000000000071,16.437000703731357
40.36000000000071,16.207022619804526
40.38000000000071,16.05077583563377
40.400000000000716,15.903359002890541
40.42000000000072,15.715275312601696
40.44000000000072,15.479043653063972
40.460000000000726,15.246651670155636
40.48000000000073,15.081596914162088
40.50000000000073,14.916759877094494
40.520000000000735,14.727259239109797
40.54000000000074,14.49019822895584
40.56000000000074,14.283119063034801
40.580000000000744,14.132038596235287
40.60000000000075,14.007547969153137
40.62000000000075,13.818839614390708
40.640000000000754,13.62555490135505
40.66000000000076,13.440781685417251
40.68000000000076,13.323164929247516
40.70000000000076,13.18069367864674
40.720000000000766,12.977223790270312
40.74000000000077,12.770867963017992
40.76000000000077,12.63141637346023
40.780000000000776,12.461002955391145
40.80000000000078,12.234311528475232
40.82000000000078,12.00644158861853
40.840000000000785,11.85134535984435
40.86000000000079,11.706306394508248
40.88000000000079,11.486097157799744
40.900000000000794,11.254623017135275
40.9200000000008,11.02397040221611
40.9400000000008,10.867805533495135
40.960000000000804,10.689043871774002
40.98000000000081,10.455896403454812
41.00000000000081,10.257349558113223
41.02000000000081,10.11340677698838
41.040000000000816,9.8906907869797
41.06000000000082,9.655128741284798
41.08000000000082,9.428196868135778
41.100000000000826,9.287384592468968
41.12000000000083,9.087746786588639
41.14000000000083,8.979241823330183
41.160000000000835,8.823222846629132
41.18000000000084,8.67641199904131
41.20000000000084,8.546837555145697
41.220000000000844,8.45746565679447
41.24000000000085,8.38743638496205
41.26000000000085,8.310918457353427
41.280000000000854,8.249009836076658
41.30000000000086,8.200692472376149
41.32000000000086,8.16550389180347
41.34000000000086,8.137653118960964
41.360000000000866,8.128582678232075
41.38000000000087,8.129565344735916
41.40000000000087,8.13962304545156
41.420000000000876,8.152523433015414
41.44000000000088,8.17609430839433
41.46000000000088,8.2066871883449
41.480000000000885,8.242103709581652
41.50000000000089,8.280975007049886
41.52000000000089,8.325582144376568
41.540000000000894,8.371857078605064
41.5600000000009,8.421299357320365
41.5800000000009,8.471722549993213
41.600000000000904,8.52624531944781
41.62000000000091,8.58517799675467
41.64000000000091,8.645774716833468
41.66000000000091,8.707753489499678
41.680000000000916,8.768364236335065
41.70000000000092,8.833028342664631
41.72000000000092,8.897803804131625
41.740000000000926,8.962892706872404
41.76000000000093,9.031784371178066
41.78000000000093,9.099213514993213
41.800000000000935,9.16845696755529
41.82000000000094,9.23800194669562
41.84000000000094,9.309796693464511
41.860000000000944,9.379530109401742
41.88000000000095,9.450699751439984
41.90000000000095,9.519856828720295
41.920000000000954,9.592157666319174
41.94000000000096,9.664326320503013
41.96000000000096,9.738321144941521
41.98000000000096,9.809701028521122
42.000000000000966,9.88043283245608
42.02000000000097,9.953480682625363
42.04000000000097,10.022621878702958
42.060000000000976,10.084414254234417
42.08000000000098,10.147496774763802
42.10000000000098,10.206962634669365
42.120000000000985,10.261128254473018
42.14000000000099,10.305530808532698
42.16000000000099,10.350678536471172
42.180000000000994,10.39492748494745
42.200000000001,10.431584192298766
42.220000000001,10.476370950409784
42.240000000001004,10.53423981720446
42.26000000000101,10.595101612192767
42.28000000000101,10.64935718673795
42.30000000000101,10.704873429159417
42.320000000001016,10.769616989352706
42.34000000000102,10.829413417479469
42.36000000000102,10.879125562829897
42.380000000001026,10.946057259844459
42.40000000000103,11.00705017911644
42.42000000000103,11.066707590182824
42.440000000001035,11.127586553231891
42.46000000000104,11.190752795997048
42.48000000000104,11.258033508141095
42.500000000001044,11.314849621898958
42.52000000000105,11.386093859319345
42.54000000000105,11.451672347654121
42.560000000001054,11.519198563957609
42.58000000000106,11.58296158699381
42.60000000000106,11.64675391796859
42.62000000000106,11.715895298148524
42.640000000001066,11.782096857745609
42.66000000000107,11.844511616324416
42.68000000000107,11.907753785215155
42.700000000001076,11.954830683751585
42.72000000000108,11.98778177246255
42.74000000000108,12.001403383584831
42.760000000001085,11.99148535775754
42.78000000000109,11.956916273402031
42.80000000000109,11.901607522145834
42.820000000001095,11.824774859276403
42.8400000000011,11.73414365098004
42.8600000000011,11.635205424931488
42.880000000001104,11.535174575551348
42.90000000000111,11.438184195476321
42.92000000000111,11.3433133175286
42.94000000000111,11.272927676539984
42.960000000001116,11.208868127331606
42.98000000000112,11.156784906538993
43.00000000000112,11.116316132475632
43.020000000001126,11.07418755105433
43.04000000000113,11.046313240057783
43.06000000000113,11.021038300344046
43.080000000001135,10.992516442521273
43.10000000000114,10.957653053647718
43.12000000000114,10.917805274262356
43.140000000001145,10.870841650172128
43.16000000000115,10.821462042829296
43.18000000000115,10.76656775384005
43.200000000001154,10.708594994157846
43.22000000000116,10.65062390818525
43.24000000000116,10.591642667204981
43.26000000000116,10.532257596444198
43.280000000001166,10.47206874342554
43.30000000000117,10.407305182091667
43.32000000000117,10.337249103370453
43.340000000001176,10.290376516447381
43.36000000000118,10.247294028512426
43.38000000000118,10.218091343508599
43.400000000001185,10.193593479553304
43.42000000000119,10.182144446094075
43.44000000000119,10.175035173797212
43.460000000001195,10.175944977171143
43.4800000000012,10.175410522775971
43.5000000000012,10.191423222991373
43.520000000001204,10.210170546916318
43.54000000000121,10.2257814521667
43.56000000000121,10.246284906260827
43.58000000000121,10.268617884418395
43.60000000000122,10.290837046787438
43.62000000000122,10.313865442611773
43.64000000000122,10.33613495750145
43.660000000001226,10.358064921163427
43.68000000000123,10.378857642234124
43.70000000000123,10.39808788566488
43.720000000001235,10.415856113023334
43.74000000000124,10.431873067301975
43.76000000000124,10.44401805833234
43.780000000001245,10.448558169039943
43.80000000000125,10.465589785029538
43.82000000000125,10.479530345571728
43.840000000001254,10.491015086718983
43.86000000000126,10.500159315474002
43.88000000000126,10.506691573527602
43.90000000000126,10.51026503530559
43.92000000000127,10.511066559330837
43.94000000000127,10.509352700497685
43.96000000000127,10.505107633848072
43.980000000001276,10.498253225035144
44.00000000000128,10.489286980443769
44.02000000000128,10.478447417429456
44.040000000001285,10.466095791486714
44.06000000000129,10.452286743009497
44.08000000000129,10.437137669013563
44.100000000001295,10.42129048576434
44.1200000000013,10.404770641310288
44.1400000000013,10.387460378628733
44.160000000001304,10.370484819109812
44.18000000000131,10.353722952601396
44.20000000000131,10.333276388996977
44.22000000000131,10.322573183785064
44.24000000000132,10.314535220555289
44.26000000000132,10.316371049058743
44.28000000000132,10.32615034494686
44.300000000001326,10.340282615421069
44.32000000000133,10.362383942281836
44.34000000000133,10.389119229336188
44.360000000001335,10.420083943174745
44.38000000000134,10.454664999719519
44.40000000000134,10.485409389044571
44.420000000001345,10.527163073232167
44.44000000000135,10.566243840691945
44.46000000000135,10.613919321980342
44.480000000001354,10.663541895617437
44.50000000000136,10.71497588350189
44.52000000000136,10.768027649387518
44.54000000000136,10.822862713714525
44.56000000000137,10.876263189578067
44.58000000000137,10.930848784943034
44.60000000000137,10.98314848311673
44.620000000001376,11.03433221337588
44.64000000000138,11.076492544154677
44.66000000000138,11.10932441943858
44.680000000001385,11.133403615423285
44.70000000000139,11.154873059531377
44.72000000000139,11.17292358080101
44.740000000001395,11.190608370371065
44.7600000000014,11.209683216963521
44.7800000000014,11.230570985194477
44.800000000001404,11.257129670717807
44.82000000000141,11.287430018897656
44.84000000000141,11.32207477363162
44.86000000000141,11.35989526997021
44.88000000000142,11.400385847009845
44.90000000000142,11.44337581207704
44.92000000000142,11.487964614488856
44.940000000001426,11.53479093961084
44.96000000000143,11.580978292518493
44.98000000000143,11.632461904484526
45.000000000001435,11.684367851243072
45.02000000000144,11.737934919644252
45.04000000000144,11.79174904888318
45.060000000001445,11.848508946425964
45.08000000000145,11.905467764116182
45.10000000000145,11.964293027211667
45.120000000001454,12.023089240929766
45.14000000000146,12.081827661484393
45.16000000000146,12.14233560464485
45.18000000000146,12.204217174613905
45.20000000000147,12.266480536171056
45.22000000000147,12.327988979769252
45.24000000000147,12.391290851493043
45.260000000001476,12.450504505593395
45.28000000000148,12.513811268098985
45.30000000000148,12.577548925432131
45.320000000001485,12.641700003044079
45.34000000000149,12.706903204369853
45.36000000000149,12.771936738811918
45.380000000001495,12.837675075380039
45.4000000000015,12.899580510344725
45.4200000000015,12.964890155151268
45.440000000001504,13.030169757446233
45.46000000000151,13.09468512613809
45.48000000000151,13.158460548124314
45.50000000000151,13.22358961556353
45.52000000000152,13.290508345376358
45.54000000000152,13.35720943614912
45.56000000000152,13.422870631678032
45.580000000001526,13.489812470548571
45.60000000000153,13.555639132722327
45.62000000000153,13.622495918260775
45.640000000001535,13.689028919609273
45.66000000000154,13.75550774213055
45.68000000000154,13.821462500148215
45.700000000001545,13.886772094313013
45.72000000000155,13.953430333416012
45.74000000000155,14.019114067240052
45.760000000001554,14.081965238079034
45.78000000000156,14.146617118919755
45.80000000000156,14.213289484618489
45.82000000000156,14.277776562662371
45.84000000000157,14.343610936084769
45.86000000000157,14.408436670875234
45.88000000000157,14.473342002079765
45.900000000001576,14.539283973646954
45.92000000000158,14.604214995857506
45.94000000000158,14.669148824441598
45.960000000001585,14.735001679756234
45.98000000000159,14.800530407938588
